Date,Timestamp,Open,High,Low,Close,Volume
20230402,00:00:00,28433.1,28503.4,27843.4,28149.1,0.105613603220903
20230403,00:00:00,28149.1,28469,27190.2,27768,0.579852381038634
20230404,00:00:00,27767.9,28402.1,27633.2,28135.8,0.803472585154029
20230405,00:00:00,28134.2,28748.1,27776.1,28143.2,1.07782807914808
20230406,00:00:00,28142.5,28157.1,27684.7,28007.6,0.283229682168425
20230407,00:00:00,28007.4,28076.3,27752.9,27866.8,1.12319231620972
20230408,00:00:00,27866,28110.7,27817.2,27921,0.842004029782402
20230409,00:00:00,27920.7,28503.5,27786,28298.1,1.33777103607099
20230410,00:00:00,28297.9,29751.9,28138.9,29619.8,1.97763118582304
20230411,00:00:00,29619.8,30523.9,29578.1,30204.8,1.74332397162549
20230412,00:00:00,30204.8,30467.1,29645.8,29872.2,0.665351136333284
20230413,00:00:00,29873.7,30569.3,29843.1,30372.7,1.2781871952164
20230414,00:00:00,30372.7,30995.1,29970.4,30427.8,3.1873480456464
20230415,00:00:00,30427.3,30559.9,30173.5,30289.8,0.094396543254426
20230416,00:00:00,30289.8,30527.8,30116.3,30293.3,0.0777936022776089
20230417,00:00:00,30293.3,30301.1,29226.7,29411.6,0.679235415008812
20230418,00:00:00,29411.7,30452.4,29089.2,30358.6,0.663554489993608
20230419,00:00:00,30358.6,30385.7,28569.1,28785.3,0.659254262850252
20230420,00:00:00,28785.3,29061.5,27968.3,28206.5,1.08071328956773
20230421,00:00:00,28205.8,28328.4,27089.5,27191.8,1.18849592821001
20230422,00:00:00,27191.8,27846.8,27074.5,27783.3,0.0735891024946795
20230423,00:00:00,27783.3,27783.3,27317,27557,0.112847003505181
20230424,00:00:00,27557,27956.6,26950,27478.5,0.545841330262022
20230425,00:00:00,27477.4,28352.6,27159,28265.5,1.32745502594162
20230426,00:00:00,28265.1,29978.7,27212.8,28388.9,1.92326395030005
20230427,00:00:00,28389.9,29849,28353.4,29444.8,1.15433783213218
20230428,00:00:00,29444.8,29565.7,28877.6,29273.5,1.27960228766535
20230429,00:00:00,29274.3,29405.5,29023.5,29208.9,1.13854303642393
20230430,00:00:00,29208.9,29924.2,29068.3,29205.7,0.990752293061483
20230501,00:00:00,29206,29306.8,27635.6,28042.8,0.597618008781239
20230502,00:00:00,28042.8,28858.5,27849.7,28643.2,0.394861630260069
20230503,00:00:00,28643.4,29234,28098.6,28999.1,1.36450833295331
20230504,00:00:00,28999.1,29336.5,28653.2,28817.7,0.851864177138836
20230505,00:00:00,28818.3,29658.4,28798.6,29473.7,0.964647021217203
20230506,00:00:00,29474.9,29784.9,28667.2,28865.7,0.57715202041436
20230507,00:00:00,28865.7,29148.3,28401.6,28435.2,1.55451159294608
20230508,00:00:00,28436.1,28628.8,27255.2,27656.8,0.81369951595779
20230509,00:00:00,27656.8,27792.2,27338.4,27611.2,0.125163001160558
20230510,00:00:00,27612.1,28289.6,26787.2,27583,0.423001398912959
20230511,00:00:00,27584.3,27607.1,26691.7,26949.2,0.328911502013575
20230512,00:00:00,26949.2,27065.7,25793.6,26748.5,0.840613216605902
20230513,00:00:00,26748.5,26996.7,26641.8,26729.3,0.0363360008011568
20230514,00:00:00,26729.3,27156,26548.2,26892.3,0.0975440007372299
20230515,00:00:00,26894.2,27634,26715.9,27131.1,0.843205347754001
20230516,00:00:00,27131.2,27264.4,26829.1,27000.5,1.11212207017055
20230517,00:00:00,27000.4,27469.4,26525.5,27372.1,1.3799671351645
20230518,00:00:00,27373.2,27448.8,26329.8,26789.5,1.11380990409591
20230519,00:00:00,26789.5,27147.2,26604.2,26830,0.0950690028271879
20230520,00:00:00,26830,27115.9,26777.9,27073.7,0.492765567408007
20230521,00:00:00,27073.8,27240.5,26634.2,26718.7,1.22906704280854
20230522,00:00:00,26718.7,27064.9,26507.3,26818.5,0.106457002649904
20230523,00:00:00,26818.5,27455,26773.5,27189.7,0.201972005315156
20230524,00:00:00,27189.7,27189.7,26048.1,26294.7,0.437658013366104
20230525,00:00:00,26294.7,26586.3,25836.6,26444.1,0.15438500449477
20230526,00:00:00,26445.2,26906.2,26304.2,26653.9,0.0933650016886531
20230527,00:00:00,26653.9,26861,26535.2,26829.6,0.0354880010621628
20230528,00:00:00,26829.6,28221,26747.9,28052.1,0.133472002390022
20230529,00:00:00,28052.2,28419.8,27505.7,27710.6,0.133200002470744
20230530,00:00:00,27710.6,28016.8,27528.8,27664.9,0.174811003236528
20230531,00:00:00,27664.9,27807.2,26817.3,27186.2,0.246653003015695
20230601,00:00:00,27186.8,27315.6,26584,26792.1,0.648678812369099
20230602,00:00:00,26792.1,27260.5,26478.9,27187.2,0.393005811449825
20230603,00:00:00,27187.5,27297,26901.6,27044.6,0.492705617417542
20230604,00:00:00,27044.6,27422.9,26930.8,27092.6,0.0966618028420783
20230605,00:00:00,27092.6,27097.7,25365.9,25699.3,1.18480483146232
20230606,00:00:00,25699.4,27331,25326.7,27204,2.06571756345465
20230607,00:00:00,27203.9,27356.1,26094.6,26316.2,2.1381740668362
20230608,00:00:00,26315.7,26787.5,26186.7,26467.9,1.63931305626102
20230609,00:00:00,26467.9,26749.9,26251.9,26417.7,1.54958605319644
20230610,00:00:00,26417.6,26469.9,25365.7,25818,0.64412815457753
20230611,00:00:00,25818.2,26180,25613.2,25895.8,1.12217763799561
20230612,00:00:00,25895.8,26071.2,25594.2,25871.4,1.8349400639072
20230613,00:00:00,25871.6,26397.3,25688.4,25900.9,1.8383030646919
20230614,00:00:00,25904.7,26053.9,24795.2,25095.3,1.13568393937316
20230615,00:00:00,25095.3,25717.1,24766.6,25565.1,2.16460077473343
20230616,00:00:00,25562.6,26474.7,25151,26264.5,2.06854057251161
20230617,00:00:00,26265,26718.1,26100.9,26482.2,0.661939233384424
20230618,00:00:00,26482.6,26659.8,26223.8,26311.4,0.861491029781973
20230619,00:00:00,26306.2,27031,26230.4,26812.7,1.67176325894842
20230620,00:00:00,26816,28373.2,26621.4,28280.4,0.94915982510998
20230621,00:00:00,28280.4,30756.5,28242.2,29964.8,2.24394057216449
20230622,00:00:00,29963.1,30469.6,29546.5,29865.6,1.66279655581986
20230623,00:00:00,29865.6,31389.8,29781.8,30646.9,1.69953819209005
20230624,00:00:00,30648.1,30750.8,30205.2,30512.8,0.272530009616275
20230625,00:00:00,30512.8,31011.5,30261.1,30445,0.139072504217495
20230626,00:00:00,30446.4,30629.6,29911.7,30237.3,0.267632006362192
20230627,00:00:00,30237.8,30976.8,30201,30665.3,0.242071907244593
20230628,00:00:00,30666.6,30682.8,29844.2,30053.2,0.220882006768193
20230629,00:00:00,30054.8,30806.7,30018.6,30420.5,0.178495005653531
20230630,00:00:00,30420.5,31254.6,29430.2,30406.3,0.698269623841583
20230701,00:00:00,30407.1,30629.2,30257.4,30557.1,0.0350895010818135
20230702,00:00:00,30557.1,30747.7,30161.4,30586.1,0.318199220195556
20230703,00:00:00,30589.3,31355.8,30538.7,31128,1.67856795839043
20230704,00:00:00,31128,31296,30598.5,30741.5,1.64543535706201
20230705,00:00:00,30741.5,30847.7,30174.1,30474.5,0.270773708196316
20230706,00:00:00,30474.5,31504.5,29826.7,29873.3,0.876499529026916
20230707,00:00:00,29874.3,30418.9,29688.6,30286.9,1.30980054420556
20230708,00:00:00,30288.1,30324.5,29983.8,30260.3,0.215685007628963
20230709,00:00:00,30260.4,30407.2,30032,30135.4,0.75345002601216
20230710,00:00:00,30138.9,31012.3,29924.4,30383.3,1.7595000607912
20230711,00:00:00,30380.8,30779.1,30282.5,30592.4,1.48909895216512
20230712,00:00:00,30592.6,30943,30181.8,30361.9,1.42016004899733
20230713,00:00:00,30355,31793.9,30233.3,31455.7,1.66098005394576
20230714,00:00:00,31455.7,31603,29901,30268.8,0.363938511219487
20230715,00:00:00,30268.8,30351.2,30192.5,30264,0.0272690005322147
20230716,00:00:00,30267,30419.1,30048.7,30217.3,0.0781395023547589
20230717,00:00:00,30217.3,30308.6,29643.4,30112.6,0.258835507461356
20230718,00:00:00,30114.3,30213.5,29498.1,29827.8,0.447647394502596
20230719,00:00:00,29829.9,30161.2,29742.8,29880.4,1.4413770804475
20230720,00:00:00,29880.6,30384.1,29543.7,29775.8,1.46627805141316
20230721,00:00:00,29775.4,30029.4,29695.8,29843.2,0.690270024096662
20230722,00:00:00,29844.7,29939.1,29614.4,29760.7,0.016807000503718
20230723,00:00:00,29760.7,30319.8,29717.5,30056.5,0.0526045013780845
20230724,00:00:00,30056.5,30068.9,28840.7,29152.7,0.185241104593828
20230725,00:00:00,29152.7,29331.4,29027.8,29190.9,0.0284305006501313
20230726,00:00:00,29190.9,29646.3,29082.6,29318,0.0656445012645577
20230727,00:00:00,29318,29531.6,29062.8,29190.5,0.0368820007466866
20230728,00:00:00,29190.5,29497.8,29090.7,29253.5,0.034697500906816
20230729,00:00:00,29253.5,29348.5,29194.4,29230.4,0.00229750005865981
20230730,00:00:00,29285.6,29382,29011.9,29242.7,0.0267480008452594
20230731,00:00:00,29243.3,29489.6,29084.7,29200.2,0.0458260011315588
20230801,00:00:00,29200.2,29701.3,28549.3,29669.7,0.25655750657171
20230802,00:00:00,29670.7,30002.2,28892,29146.5,1.13752813407243
20230803,00:00:00,29146.5,29393,28927.7,29152.7,0.257566077404057
20230804,00:00:00,29149.9,29289.2,28775.8,29011.9,1.43457344396613
20230805,00:00:00,29012.4,29049.1,28898.5,28982,0.139659002414191
20230806,00:00:00,28982.2,29151.5,28899.4,29046.9,0.176747004718891
20230807,00:00:00,29046.1,29223.2,28645.6,29172.2,0.777165022219378
20230808,00:00:00,29174,30178.2,29088.2,29730.6,1.43032404489668
20230809,00:00:00,29730.8,30091.8,29332.5,29539.3,1.30614604477068
20230810,00:00:00,29537.9,29691.9,29291.2,29401.9,1.03055003599002
20230811,00:00:00,29393.9,29517.2,29200.5,29335.3,0.46239801498723
20230812,00:00:00,29335.6,29432.3,29284.8,29388.7,0.148338004012658
20230813,00:00:00,29380.3,29423.2,29229.5,29261.6,0.21009100691299
20230814,00:00:00,29246.8,29623.3,29061,29372.7,0.510328013650451
20230815,00:00:00,29372,29415.2,29038.4,29132.2,0.196383002188668
20230816,00:00:00,29131.7,29186.2,28659.1,28662.8,0.497842006086557
20230817,00:00:00,28663.9,28708.7,25357.2,26590,0.608691135100757
20230818,00:00:00,26589.2,26785.1,25622.1,25986.3,0.25818255198281
20230819,00:00:00,25986.6,26231.4,25755.3,26062.1,0.0558955017831408
20230820,00:00:00,26062.1,26258.5,25948.8,26154.4,0.0413765013286707
20230821,00:00:00,26154.4,26210.5,25795.8,26089.2,0.0131989999895268
20230822,00:00:00,26089.6,26105.5,25339,26019.4,0.0188464999560551
20230823,00:00:00,26020.4,26777.2,25780.8,26392.5,0.0753029000014749
20230824,00:00:00,26392.6,26534.3,25841.8,26139.7,0.188393999858249
20230825,00:00:00,26139.6,26269.8,25752.7,25987.1,0.151962500137586
20230826,00:00:00,25987.7,26050.3,25920.3,25981.1,0.00561350015260587
20230827,00:00:00,25981.1,26141.8,25931.8,26066.3,0.0198950006299583
20230828,00:00:00,26066.3,26212.6,25840.6,26075.8,0.0645375998061581
20230829,00:00:00,26077.8,28106.9,25881.7,27682.7,0.130352519995695
20230830,00:00:00,27684.4,27732.1,27027.6,27267.3,0.0142274999703318
20230831,00:00:00,27267.3,27519.2,25669.6,25903.3,0.212574006521777
20230901,00:00:00,25903.6,26108.4,25301.2,25736.7,0.629695021855241
20230902,00:00:00,25738.6,25945.3,25677.8,25830.6,0.207568007236318
20230903,00:00:00,25831.8,26082.2,25768.9,25931.6,0.409555014232666
20230904,00:00:00,25932.6,26058.2,25610.2,25785.7,0.746233025030506
20230905,00:00:00,25786.9,25842.5,25539,25751.7,1.08630893792737
20230906,00:00:00,25749.8,26005.6,25374.9,25722.3,1.4074170490353
20230907,00:00:00,25721.6,26395.1,25573.6,26227.8,1.26769004286734
20230908,00:00:00,26229.9,26400.8,25623.4,25841.2,1.18005203873099
20230909,00:00:00,25841,25877.8,25726.3,25861.5,0.0775200027419487
20230910,00:00:00,25861.6,25959.1,25554.8,25800.7,0.54514101894074
20230911,00:00:00,25801,25860.5,24889.3,25123.6,1.66459193658739
20230912,00:00:00,25124.2,26500.9,25094.5,25801.8,1.66070005232177
20230913,00:00:00,25801.8,26369.1,25737.3,26162.2,1.1144030332498
20230914,00:00:00,26191.3,26810.2,26105,26494.3,0.623094013650643
20230915,00:00:00,26494.3,26824.7,26188.3,26537.3,0.542158013352491
20230916,00:00:00,26537.7,26711.1,26406.6,26527.1,0.388455013739986
20230917,00:00:00,26527.3,26581.4,26342.1,26495.1,0.559055019376501
20230918,00:00:00,26495.2,27379.2,26373.7,26724.3,0.793537019316318
20230919,00:00:00,26724.3,27450.2,26637.6,27188.2,0.820096220837485
20230920,00:00:00,27188.2,27352.7,26788.3,27090.8,0.762445016872789
20230921,00:00:00,27090.8,27124.2,26338.9,26528.7,1.1281708332735
20230922,00:00:00,26528.5,26703.4,26421.5,26513.3,0.873853027469977
20230923,00:00:00,26513.2,26597.3,26448.2,26542.5,0.200766007101265
20230924,00:00:00,26542.5,26689.6,26124.4,26213,0.278099008897243
20230925,00:00:00,26213,26399.6,25960.9,26262.2,0.552111007651547
20230926,00:00:00,26262.2,26357.1,26053.1,26175,0.999215025115518
20230927,00:00:00,26174.5,26800,26063.4,26329.3,0.782483732471221
20230928,00:00:00,26329.3,27266.1,26290.3,26986.7,1.12103802756383
20230929,00:00:00,26986.4,27199.3,26651.2,26841.9,0.615524010155241
20230930,00:00:00,26841.6,27051.6,26819.8,26924.9,0.268070008263294
20231001,00:00:00,26924.8,28010.7,26905.3,27952.2,0.535615015195162
20231002,00:00:00,27952.5,28552.7,27260.5,27460.5,0.977349004894677
20231003,00:00:00,27460.7,27633,27142.8,27390,0.526833002826152
20231004,00:00:00,27390.5,27794.3,27181.8,27747.5,0.614100008648165
20231005,00:00:00,27748.1,28078.7,27321.1,27375.3,0.542459999916446
20231006,00:00:00,27374.9,28223.7,27143.2,27880,0.622688001582901
20231007,00:00:00,27881.2,27985.9,27797.3,27925.9,0.438872013702621
20231008,00:00:00,27926,28058.2,27671.5,27893.7,0.668814021201342
20231009,00:00:00,27893.2,27960.1,27240.3,27553.8,0.589744999969298
20231010,00:00:00,27553.7,27696.9,27259.4,27357.4,0.461790000378187
20231011,00:00:00,27357,27438.3,26499.1,26833.9,0.729322004600817
20231012,00:00:00,26833.9,26902,26516,26719.3,0.697632010271718
20231013,00:00:00,26719.9,27057.3,26638.9,26798.4,0.648395013623485
20231014,00:00:00,26800.6,26924.1,26752.8,26813.5,0.272721909646386
20231015,00:00:00,26786.6,27256.1,26766.1,27131,0.34320201009632
20231016,00:00:00,27131,29959.1,27088.7,28479.2,0.610374202385714
20231017,00:00:00,28480.1,28585.9,28055.9,28369.6,0.861209420731054
20231018,00:00:00,28369.8,28943.4,28116.6,28286.8,0.659171999994214
20231019,00:00:00,28286.7,28874.7,28100.7,28690.1,0.494427998165975
20231020,00:00:00,28690.1,30189.2,28555.7,29619.6,1.61459697545888
20231021,00:00:00,29620.6,30303.9,29411.3,29876.9,0.368424073451764
20231022,00:00:00,29877.7,30206.9,29627.8,29960.3,0.776364025951352
20231023,00:00:00,29959,34560.7,29853.3,33039.4,0.869696608132244
20231024,00:00:00,33037.9,35179.9,32811.5,33889.6,0.933146017401214
20231025,00:00:00,33889.6,35093.5,33661.7,34461.3,0.530510198737119
20231026,00:00:00,34460.4,34793,33704,34118.9,0.409795999012545
20231027,00:00:00,34118.9,34206.6,33366.3,33840.9,0.188854450480861
20231028,00:00:00,33840.8,34449,33804.7,34045,0.240544001578201
20231029,00:00:00,34044.7,34713.9,33903.1,34492.3,0.264269219527263
20231030,00:00:00,34492.7,34820.2,34051.9,34459.2,0.459051999178655
20231031,00:00:00,34461.9,34689.7,34018.3,34618.1,0.116436399804371
20231101,00:00:00,34618.5,35539.4,34064.9,35386.9,0.317625499308804
20231102,00:00:00,35387.2,35914.4,34288.8,34907.2,0.247315299515435
20231103,00:00:00,34907.3,34910.3,34092.5,34671,0.119398999834971
20231104,00:00:00,34671,35222.5,34541.7,35039.9,0.03220700021825
20231105,00:00:00,35041.7,35350.7,34451.5,35000.2,0.139373380142914
20231106,00:00:00,35000.2,35237,34713.7,35006.3,0.873826037837787
20231107,00:00:00,35007,35854.1,34494.8,35393.1,1.07826159740137
20231108,00:00:00,35374.2,36068.8,35067.2,35586,1.01032500722704
20231109,00:00:00,35586,37933.7,35505.8,36662.9,1.6191779957631
20231110,00:00:00,36663.3,37484.9,36289.7,37259.7,0.714903448620511
20231111,00:00:00,37259.9,37358.9,36672.7,37094.7,0.185145006194375
20231112,00:00:00,37094.7,37183.5,36696.7,37045.7,0.224921007527428
20231113,00:00:00,37045.7,37383.6,36329.5,36440.8,0.182900999933622
20231114,00:00:00,36440.8,36717,34789.5,35510.9,0.385095401341424
20231115,00:00:00,35510.9,37922.9,35327.8,37826.7,0.385505099607897
20231116,00:00:00,37826.7,37907.8,35478.2,36130.4,0.310417078612359
20231117,00:00:00,36130.4,36745.7,35827.4,36572.5,0.172762199082044
20231118,00:00:00,36572.5,36809.5,36151.5,36539.9,0.0390800012647929
20231119,00:00:00,36540.1,37472.9,36366.9,37346.5,0.0868596307573437
20231120,00:00:00,37346.5,37718.9,36684,37425.4,0.790538231693724
20231121,00:00:00,37425.4,37615.4,35710.7,35710.7,1.46129774529696
20231122,00:00:00,35710.7,37825.9,35608.9,37384.9,0.26590269902994
20231123,00:00:00,37385.1,37605.2,36854.5,37260.3,0.512897998643894
20231124,00:00:00,37260.5,38380.7,37222.9,37680.7,0.864435998712452
20231125,00:00:00,37683.7,37860.8,37563.6,37757.9,0.0723352014784524
20231126,00:00:00,37757.9,37780.1,37122.2,37410.1,0.0346840000223807
20231127,00:00:00,37410.1,37525.1,36687.4,37207,0.133007600045033
20231128,00:00:00,37207.3,38349.7,36836.7,37790.9,0.342143199393547
20231129,00:00:00,37790.9,38407.2,37548.3,37826.4,0.581473798556019
20231130,00:00:00,37826.4,38111.6,37469.9,37692.3,0.0481935999203245
20231201,00:00:00,37692.3,38946.2,37588.5,38646.6,0.096788959900282
20231202,00:00:00,38646.6,39674.9,38596.1,39424.2,0.253766599432552
20231203,00:00:00,39423.3,40158.8,39244.4,39942.7,0.136314599854188
20231204,00:00:00,39943.7,42364.8,39943.6,41949.1,0.330972499255289
20231205,00:00:00,41949,44445.5,41373.7,44041.4,0.441239298970636
20231206,00:00:00,44041.6,44244.7,43331.4,43724.6,0.203449399904635
20231207,00:00:00,43724.6,44006.1,42809.9,43257.4,0.200346399974961
20231208,00:00:00,43257.4,44675.5,43051.5,44136.1,0.1790585999819
20231209,00:00:00,44139.9,44312.1,43566.1,43674.6,0.0461401993931361
20231210,00:00:00,43675.5,44004.6,43547.7,43751.5,0.0342467993426965
20231211,00:00:00,43751.4,43771,40147.2,41200,0.721754645182703
20231212,00:00:00,41200,42048.7,40630.7,41450.6,0.698556599536531
20231213,00:00:00,41450.7,43410.4,40597.2,42833.2,0.249408999498542
20231214,00:00:00,42833.2,43369.3,41497,42990.6,0.443135499203585
20231215,00:00:00,42990.6,43048.6,41639.1,41875,0.137578200109942
20231216,00:00:00,41875,42646.9,41579.8,42213.9,0.0505372003306661
20231217,00:00:00,42213.9,42355.7,41218.7,41333,0.142502399740394
20231218,00:00:00,41333,42710.4,40493.2,42616.2,0.329732799356421
20231219,00:00:00,42616.5,43428.2,41779.7,42230.8,0.254183748937835
20231220,00:00:00,42235.7,44242.7,42167.2,43627.1,1.22237799175764
20231221,00:00:00,43627.1,44201.9,43262.3,43828.1,1.12194699536803
20231222,00:00:00,43829,44361.6,43380.3,43948.6,1.12563599730856
20231223,00:00:00,43948.5,43973.1,43270.2,43689.1,0.240313202633956
20231224,00:00:00,43689.1,43908.5,42565.1,42967,0.0322954002009936
20231225,00:00:00,43387.2,43676.9,43307,43539.8,0.00781239999349737
20231226,00:00:00,43539.8,43561.3,41612.3,42480,0.210571303214032
20231227,00:00:00,42480,43644.2,42075.6,43427.4,0.177519805452064
20231228,00:00:00,43427.4,43756.1,42252.1,42545.6,0.209441806548611
20231229,00:00:00,42545.6,43092.2,41249.3,42005.7,0.210922256809344
20231230,00:00:00,42005.7,42560.8,41495.8,42109.7,0.0491843992598149
20231231,00:00:00,42109.9,42844.3,41952.8,42447.6,0.0267843993883474
20240101,00:00:00,43712.4,44154.2,43426.2,44146.3,0.0159175998832524
20240102,00:00:00,44146.3,45865.2,44117.6,44915.6,0.455181841628281
20240103,00:00:00,44918.4,45467.6,40833.6,42808.9,0.6553476003496
20240104,00:00:00,42809.1,44750.7,42593.7,44113.6,0.373175499926013
20240105,00:00:00,44113.6,44298.2,42731,44124.6,1.15345661015142
20240106,00:00:00,44122.6,44195.8,43372.1,43930,0.522699992493472
20240107,00:00:00,43928.7,44439.4,43554.7,43883.4,0.725934987883193
20240108,00:00:00,43889.6,47243.8,43156.7,46928.6,1.47053348534562
20240109,00:00:00,46931,47913,44860.4,46058.2,3.62461807882376
20240110,00:00:00,46058.2,47663.7,44323.5,46629.6,5.13782603011168
20240111,00:00:00,46636,48946.2,45575.2,46301.3,5.42299100545411
20240112,00:00:00,46301.3,46476.7,41386.9,42709.8,3.88856048057782
20240113,00:00:00,42709.8,43206.3,42362.8,42805.5,0.541986993729097
20240114,00:00:00,42805,43028.4,41679.2,41679.2,0.498687338611689
20240115,00:00:00,41679.2,43324,41662.2,42461.4,1.1731245853704
20240116,00:00:00,42461.4,43528.6,42021.8,43101,1.33334090508634
20240117,00:00:00,43102.5,43153.1,42152.4,42708.2,0.917450591190459
20240118,00:00:00,42722.2,42876,40587.2,41261.2,1.17375499917671
20240119,00:00:00,41261.2,42136.2,40233.5,41561,0.841285006239843
20240120,00:00:00,41562.3,41778.2,41367.4,41647.6,0.0239532006143151
20240121,00:00:00,41647.6,41836.7,41467.9,41542.5,0.0447897998787141
20240122,00:00:00,41542,41638.6,39389.9,39486.2,0.653949198691919
20240123,00:00:00,39505.7,40114.2,38480.2,39842.5,0.677079002356123
20240124,00:00:00,39846.3,40497.2,39435.5,40041.6,1.12758360082618
20240125,00:00:00,40035.7,40251.2,39504,39901.7,1.14614799399624
20240126,00:00:00,39899.3,42198.8,39772.5,41749.8,1.11802501134025
20240127,00:00:00,41750.1,42152.7,41360.5,42084.4,0.220583001678278
20240128,00:00:00,42085.8,42789.2,41586.7,41993.2,0.430668990503588
20240129,00:00:00,41991.2,43271.1,41772.6,43265.4,0.81264420828947
20240130,00:00:00,43265.7,43822,42652.9,42916.3,0.968540989099509
20240131,00:00:00,42916.3,43706.2,42249.4,42526.1,0.798560895293157
20240201,00:00:00,42520.9,43236.7,41842.2,43037.4,0.701055196003296
20240202,00:00:00,43037.4,43432,42508.7,43122.7,0.511639800168808
20240203,00:00:00,43122.9,43296.9,42833.7,42966.5,0.0281648000711243
20240204,00:00:00,42966.5,43068.1,42188.8,42545.6,0.0712113999255877
20240205,00:00:00,42545.6,43500.7,42213.2,42619.3,0.50745259898919
20240206,00:00:00,42625.7,43335.6,42491.6,43063.4,0.469783797425151
20240207,00:00:00,43063.4,44359.9,42733.9,44309.4,0.709743994803105
20240208,00:00:00,44310.6,45574,44298.7,45271.9,1.48110227239749
20240209,00:00:00,45271.9,48164.9,45220,47095.3,2.99452386539257
20240210,00:00:00,47091.9,48129.5,46838.4,47721.8,0.2276670029039
20240211,00:00:00,47720.6,48554,47540.2,48275.8,0.300568598025379
20240212,00:00:00,48275,50308.3,47685.2,49907,3.42218095458267
20240213,00:00:00,49907,50354.4,48299.2,49695.5,2.51247016806641
20240214,00:00:00,49695.5,52009.3,49216.3,51797.3,4.99835565737629
20240215,00:00:00,51797.3,52807.2,51312.2,51895.8,5.49917401997891
20240216,00:00:00,51895.3,52545.3,51575.2,52101.5,3.82332919044534
20240217,00:00:00,52105.3,52152.9,50604.4,51625,0.172470596137018
20240218,00:00:00,51625.3,52338.5,51152.3,52104.6,0.194854398410413
20240219,00:00:00,52104.6,52455.1,51647.8,51737.3,2.68169185009201
20240220,00:00:00,51737.3,52945.5,50728.2,52229,5.04124811732135
20240221,00:00:00,52228.9,52332.1,50605.2,51810.9,4.99362875525843
20240222,00:00:00,51812.2,52027.9,50890.6,51252.2,2.31334343762211
20240223,00:00:00,51252.2,51488.4,50460.5,50685.9,2.01019940334773
20240224,00:00:00,50685.9,51645.7,50520.2,51525.7,0.191612399775607
20240225,00:00:00,51525.2,51921.4,51246.9,51693.4,0.50509779724085
20240226,00:00:00,51693.5,54886.1,50876.4,54450.2,3.87749831096119
20240227,00:00:00,54450.2,57561.7,54428.9,57013.9,6.73656715998393
20240228,00:00:00,57013.9,63993.7,56670.6,62457.8,6.37357409396509
20240229,00:00:00,62457.8,63628.7,60345.3,61125.5,8.23419708257325
20240301,00:00:00,61138.2,63185.1,60753.5,62371.6,5.44709892947003
20240302,00:00:00,62374.6,62434.6,61566.3,61982.5,0.477084009235568
20240303,00:00:00,61980.9,63194.9,61323.9,63119.2,0.616145032387707
20240304,00:00:00,63121,68486.9,62343.6,68296.8,8.08710399774782
20240305,00:00:00,68296.9,69157.7,59111.9,63759.5,7.90202713573017
20240306,00:00:00,63759.5,67597.6,62791.9,66054.5,7.82363510337382
20240307,00:00:00,66052.8,67989.8,65538.3,66899.6,6.98690116052967
20240308,00:00:00,66827.5,69988.5,66141.1,68224,5.64836816523894
20240309,00:00:00,68226.8,68640.7,67978.4,68341.4,0.668606009391169
20240310,00:00:00,68341,69905.8,68153.6,68947.8,1.59688402232177
20240311,00:00:00,68947.8,72817.8,67046.1,72047.9,7.07955019350811
20240312,00:00:00,72055.7,72955.6,68582.9,71417.7,6.18861613162608
20240313,00:00:00,71417.7,73623.5,71289,73045.3,6.61428016150694
20240314,00:00:00,73042.3,73758,68516.6,71344.6,5.10714655593454
20240315,00:00:00,71344.6,72361.8,65563.9,69450.4,3.41154826161295
20240316,00:00:00,69449.7,69984.9,64745.8,65236.2,1.01092861394503
20240317,00:00:00,65232.5,68837.8,64496.9,68311.3,2.18320103298765
20240318,00:00:00,68316,68888.7,66539.2,67568.8,3.78290703455195
20240319,00:00:00,67560.7,68075.1,61493.2,61876.5,3.64163791324474
20240320,00:00:00,61876.5,68088.9,60742.3,67819.3,4.60690195148754
20240321,00:00:00,67825.8,68188.3,64501.4,65460.7,5.11901819268181
20240322,00:00:00,65458.1,66597,62256.7,63749.4,2.73027319700969
20240323,00:00:00,63753.8,65958.5,62948.1,63955.3,0.663752001707053
20240324,00:00:00,63952.6,67585.4,63753,67167.1,0.852895998315944
20240325,00:00:00,67167.6,71140,66359.7,69870.6,1.52320098783275
20240326,00:00:00,69854.6,71509.7,69265.4,69951.3,2.04805300932367
20240327,00:00:00,69949.7,71711.9,68347.6,69395.8,1.2936259868693
20240328,00:00:00,69392.9,71507.7,68817.2,70738.9,1.08208398547458
20240329,00:00:00,70738,70874.3,68985.2,69838.6,0.353330999933405
20240330,00:00:00,69838.6,70302.1,69531.9,69567.5,0.839311008108325
20240331,00:00:00,69568.5,71327.7,69538.1,71244,0.78699378361982
20240401,00:00:00,71241.7,71255,68030,69616.1,1.47302405013988
20240402,00:00:00,69616.1,69655.6,64542.1,65416.8,1.81154955091933
20240403,00:00:00,65414.5,66864,64463.2,65921,1.96920298115992
20240404,00:00:00,65921,69289.9,65038.2,68450.5,1.56966298144971
20240405,00:00:00,68455.4,68695.2,65937.7,67791.4,1.47692967898804
20240406,00:00:00,67791.4,69643.4,67500,68860.5,0.467610565267453
20240407,00:00:00,68860.4,70260.6,68800.9,69320.1,0.7330807180212
20240408,00:00:00,69322.6,72726.9,69022.2,71591.2,0.629562189933311
20240409,00:00:00,71590.7,71717.2,68181.2,69096.5,0.726699678192364
20240410,00:00:00,69094.6,71108.2,67452.7,70583.7,0.851427997521569
20240411,00:00:00,70583.7,71238.7,69515.7,69966.7,1.07167940611417
20240412,00:00:00,69966.7,71176.6,65135.2,67087.4,1.17756876979847
20240413,00:00:00,67083.5,67897.4,60833.3,63931.8,1.08197901633695
20240414,00:00:00,63933.1,65811.2,62093.2,65672.2,1.84134298673689
20240415,00:00:00,65675.2,66812.5,62263.7,63393.3,1.88751600170781
20240416,00:00:00,63398.9,64318.5,61586.4,63785.2,1.66946399635026
20240417,00:00:00,63785.2,64464.7,59652.8,61229.2,1.39620298306454
20240418,00:00:00,61229.2,64097.9,60791.2,63444.8,1.574207988117
20240419,00:00:00,63432.7,65439.2,59588.9,63783.2,1.19352899751402
20240420,00:00:00,63779.7,65397.4,63056,64903.7,0.366978012980326
20240421,00:00:00,64901,65660.7,64184.9,64907.8,0.297549008982969
20240422,00:00:00,64907.9,67200.6,64484.1,66784,0.883364996603177
20240423,00:00:00,66782.5,67153.2,65799.3,66366.7,0.864768997099418
20240424,00:00:00,66369.5,67030.6,63544.4,64238.7,0.945178999288601
20240425,00:00:00,64238.7,65245.7,62743.7,64461.1,1.07827300664167
20240426,00:00:00,64460.4,64776,63294,63677.2,0.979638998831888
20240427,00:00:00,63683.5,63834.9,62325.8,63424.6,0.522328002115046
20240428,00:00:00,63424.6,64331.4,62763.1,63076.7,0.527257398973404
20240429,00:00:00,63078.4,64184.9,61761.3,63820,0.840379114041262
20240430,00:00:00,63831.1,64694,59072.7,60606.1,0.583777028839231
20240501,00:00:00,60606,60807.3,56512.3,58260.1,1.15619899545345
20240502,00:00:00,58303,59592,56917.6,59063.2,1.08565299662177
20240503,00:00:00,59064.1,63300.6,58795.5,62847.9,0.710167005605399
20240504,00:00:00,62849.1,64500.4,62500.7,63870.4,0.513131000187968
20240505,00:00:00,63871.5,64614.6,62902,64012.6,0.742809982943072
20240506,00:00:00,64013.5,65479.1,62692.1,63137.5,0.822772905602124
20240507,00:00:00,63137.5,64367.3,62245.3,62300.7,0.658119018403795
20240508,00:00:00,62299.4,62990.5,60851.4,61152.1,0.592625007948755
20240509,00:00:00,61152.1,63385.2,60610,63035.7,0.717925745090767
20240510,00:00:00,63035.7,63431.1,60180.1,60727,0.704351346370069
20240511,00:00:00,60726.4,61416.9,60394.1,60792.1,0.244308999361238
20240512,00:00:00,60792,61826.4,60595.1,61438.3,0.430641998744704
20240513,00:00:00,61438.3,63420.4,60738.6,62901.2,0.828472023291852
20240514,00:00:00,62892.5,63075.6,61086.9,61536.5,0.796634026210995
20240515,00:00:00,61534.1,66426,61296.7,66196.9,0.779682015734579
20240516,00:00:00,66196.9,66715.1,64573,65196.3,0.80981100208146
20240517,00:00:00,65196.3,67436.2,65082.2,66981.2,0.974062688680611
20240518,00:00:00,66981.2,67342.7,66558.9,66889.5,0.162060819635053
20240519,00:00:00,66889.3,67667.3,65869.5,66235.2,0.397685999475925
20240520,00:00:00,66235.2,71461.2,66048.5,71391.3,1.21558078861089
20240521,00:00:00,71392.4,71923.1,69131.8,70106.2,0.956783012997221
20240522,00:00:00,70106.1,70613.7,68902.6,69125.1,0.947339007832852
20240523,00:00:00,69116.5,70027.7,66261.2,67926,1.19889762694942
20240524,00:00:00,67922.5,69224.1,66588.3,68482.8,1.00572411837893
20240525,00:00:00,68480.4,69564.2,68422.3,69251.7,0.420573000553759
20240526,00:00:00,69252.1,69517.7,68065.3,68468.8,0.628383998821846
20240527,00:00:00,68462.5,70625.2,68212.3,69389.1,0.926063997867914
20240528,00:00:00,69365.2,69546.7,67211.2,68363.3,1.20299798147016
20240529,00:00:00,68359.6,68885.3,67071.5,67594.2,0.99802099686076
20240530,00:00:00,67600.8,69479,67093,68313.8,0.924182007737727
20240531,00:00:00,68317.6,68990.4,66611.1,67414,0.794958010012124
20240601,00:00:00,67408.6,67824.2,67309.9,67716.6,0.159754004374008
20240602,00:00:00,67717.7,68388.7,67256,67724.3,0.419995999221555
20240603,00:00:00,67726.3,70238.2,67571.1,68768.6,0.971915997546148
20240604,00:00:00,68768.6,71039.8,68526,70516.8,0.928143997656662
20240605,00:00:00,70516.8,71747.2,70346.9,71080.8,0.805707998002617
20240606,00:00:00,71082.2,71611.9,70085.3,70753.4,0.800663997978518
20240607,00:00:00,70757.2,71913.3,68400,69260.9,1.01151599474633
20240608,00:00:00,69261.6,69528.8,69132.8,69268.3,0.324707993319862
20240609,00:00:00,69268,69790.1,69108.1,69602.7,0.31222599271814
20240610,00:00:00,69602.8,70141.8,69137.5,69480.3,0.925833977123602
20240611,00:00:00,69481.8,69532.9,66047.2,67288.7,1.32228801706022
20240612,00:00:00,67288.7,69967.1,66863.2,68219.1,1.39513796554184
20240613,00:00:00,68219.1,68377.2,66229.2,66722.5,1.36337298114449
20240614,00:00:00,66721.1,67310.3,65034.4,65939.2,1.15173597314379
20240615,00:00:00,65939.2,66363.4,65749,66170.3,0.191018006755257
20240616,00:00:00,66171.4,66881.1,65991.2,66617.7,0.541416018608288
20240617,00:00:00,66617.7,67258.7,65074.7,66469,1.12134801691764
20240618,00:00:00,66467.3,66557.4,64019.1,65140,0.85408212831026
20240619,00:00:00,65140.9,65691.8,64651.7,64934.8,0.730891025436449
20240620,00:00:00,64930.5,66453,64519.7,64839.7,0.924306009074826
20240621,00:00:00,64834.6,65041.5,63350.7,64055.1,1.01695299827952
20240622,00:00:00,64055.1,64443,63844.9,64219.3,0.120789003645768
20240623,00:00:00,64219.1,64471.2,63135,63142.2,0.206412999834811
20240624,00:00:00,63142.2,63320,58444.2,60256.2,0.992238983414154
20240625,00:00:00,60256.2,62355.6,60211.2,61760.2,0.764497990325708
20240626,00:00:00,61761.5,62441.2,60656.1,60825.7,0.825793979191985
20240627,00:00:00,60825.7,62310.2,60546.9,61576.4,0.745316018791982
20240628,00:00:00,61603.3,62135.7,59884.4,60248.2,0.679740012412822
20240629,00:00:00,60247.2,61138.2,60208.7,60869.9,0.33561399293103
20240630,00:00:00,60870.2,62925.2,60617,62689.7,0.511744987621114
20240701,00:00:00,62689.7,63812.8,62454.2,62828.9,0.529522082309692
20240702,00:00:00,62824.7,63184,61710.1,62028.9,0.448388993845583
20240703,00:00:00,62028.9,62178.7,59369.3,60120.7,0.535561993864121
20240704,00:00:00,60120.7,60431.3,56733.1,57015.5,0.734942207742679
20240705,00:00:00,57015.5,57496.3,53509.2,56574.3,0.915710998821396
20240706,00:00:00,56569.4,58437.5,55958.2,58201.6,0.72015302538739
20240707,00:00:00,58202.4,58402.9,55697.3,55824,0.926522031850141
20240708,00:00:00,55824,58162.9,54261.5,56682.5,1.50174503701237
20240709,00:00:00,56682.5,58243.9,56264.3,58009.2,1.17450701124108
20240710,00:00:00,57997.2,59425.8,57128.9,57692,1.12412097232254
20240711,00:00:00,57692,59431.7,57029,57309.9,1.34404499995344
20240712,00:00:00,57310.4,58491,56519.2,57843.9,1.52849402382571
20240713,00:00:00,57843.5,59809.9,57705.8,59160.3,0.211437007478708
20240714,00:00:00,59159.4,61365.4,59147.7,60772.9,0.257281007611709
20240715,00:00:00,60771.4,64889.2,60636.1,64703,1.3708370077652
20240716,00:00:00,64715.3,65357.2,62388.6,65043.2,1.23970259377243
20240717,00:00:00,65043.2,66079.1,63834.2,64061.1,0.840255997878558
20240718,00:00:00,64061,65075.4,63200,63945.6,0.65798799833874
20240719,00:00:00,63945.6,67422.9,63273.9,66642.5,0.844547990977844
20240720,00:00:00,66645.3,67567.9,66209.9,67117.7,0.31182122868647
20240721,00:00:00,67118,68333,65785.5,68129.7,0.273078003571754
20240722,00:00:00,68129.7,68454.4,66547.2,67534,0.639653998500535
20240723,00:00:00,67532.9,67733.7,65422.2,65903.4,0.668905998462378
20240724,00:00:00,65902.2,67081.8,65086.1,65346,0.485301998896603
20240725,00:00:00,65339.8,66101.2,63425.4,65766.1,0.501208998757647
20240726,00:00:00,65763.4,68150.2,65684.2,67858.9,0.404778000202668
20240727,00:00:00,67856.3,69353,66587.3,67864.5,0.351331010599324
20240728,00:00:00,67866.5,68271,67032,68207.5,0.259196000069323
20240729,00:00:00,68207.3,69995,66415.2,66744.5,0.42124679901741
20240730,00:00:00,66744.5,66966.2,65282.5,66142.8,0.407369998991499
20240731,00:00:00,66141.2,66787.1,64492.9,64595.1,0.4083237489793
20240801,00:00:00,64596.2,64890.7,63544.5,63904.1,0.24621399938178
20240808,00:00:00,57360.2,62666.2,56692.7,61662,0.550474038610165
20240809,00:00:00,61662,61715.1,59528.7,60797,0.931514962027702
20240810,00:00:00,60799.6,61434.9,60191.9,60900.9,0.208472005569547
20240811,00:00:00,60901.1,61793.2,58251.5,58684.9,0.625553999278964
20240812,00:00:00,58683.8,60671.2,57638.7,59319.9,1.30675598118523
20240813,00:00:00,59319.9,61567.7,58400.5,60566.2,1.92479695335942
20240814,00:00:00,60569.3,61726.6,58428.6,58653.1,1.71002307935887
20240815,00:00:00,58654.9,59827.5,56108.9,57517.5,0.903859389301758
20240816,00:00:00,57517.5,59803.7,57066.6,58823.8,0.715343999225752
20240817,00:00:00,58824.2,59665.9,58738.3,59454.7,0.211688721259113
20240818,00:00:00,59457.3,60235.9,58396.3,58409.7,0.326132299459495
20240819,00:00:00,58409.1,59584.1,57796.2,59430.2,0.649467320310293
20240820,00:00:00,59428.5,61385.7,58560.4,58980,0.664983749613977
20240821,00:00:00,58976.5,61800.3,58766.2,61135.2,0.693220998401557
20240822,00:00:00,61134.7,61379.7,59748,60349.2,0.639706998525526
20240823,00:00:00,60349.2,64921.9,60320.5,64026.6,0.580509000682241
20240824,00:00:00,64026.5,64464.6,63512.9,64115.9,0.295774001948985
20240825,00:00:00,64115.9,64988,63754.9,64214.2,0.196914002717563
20240826,00:00:00,64215.9,64460.6,62786.1,62807.4,0.431867998909638
20240827,00:00:00,62807.1,63180.4,58008,59407.9,0.398314218945467
20240828,00:00:00,59407.9,60181,57832.1,59001.1,0.592846996987419
20240829,00:00:00,59001.2,61134.2,58701.2,59347.4,0.586183996311547
20240830,00:00:00,59345.1,59882.9,57721.2,59050.9,0.437768004135933
20240831,00:00:00,59052.5,59381.8,58676.4,58939,0.13201800466959
20240901,00:00:00,58938.2,59028.7,57171.2,57263.8,0.320784010108127
20240902,00:00:00,57265,59375.9,57094.2,59098.3,0.473584011047024
20240903,00:00:00,59104.7,59773.6,57380.6,57447.2,0.430245011442366
20240904,00:00:00,57448.5,58484.2,55607.3,57936.2,0.574611015876371
20240905,00:00:00,57937.1,58280.7,55623.2,56142.1,0.595589017837938
20240906,00:00:00,56142.1,56962.6,52466.6,53884.9,0.502490726708175
20240907,00:00:00,53889.8,54815.2,53668,54123.4,0.309242999224352
20240908,00:00:00,54125.5,55272.1,53596.3,54830.3,0.318771996310716
20240909,00:00:00,54829.4,58018.5,54554.9,57018.6,0.412992005686647
20240910,00:00:00,57019.6,58011.2,56375.2,57605.9,0.323407005365425
20240911,00:00:00,57609.5,57955.4,55526.9,57311.8,0.427060007166347
20240912,00:00:00,57312,58518.2,57300.9,58100.2,0.418837000133408
20240913,00:00:00,58098.8,60604.9,57601.5,60478.2,0.478503996542258
20240914,00:00:00,60478.2,60594.9,59383.5,59964.2,0.135024004013758
20240915,00:00:00,59964.4,60351.3,58665.7,59096.5,0.292594999875291
20240916,00:00:00,59096.5,59171,57476.2,58178.1,0.401599998986057
20240917,00:00:00,58178.1,61295.4,57588.2,60281.7,0.425391998925988
20240918,00:00:00,60281.6,61753.2,59148.4,61728.2,0.475589997682164
20240919,00:00:00,61730.6,63838.5,61549.5,62916.7,0.522871999288327
20240920,00:00:00,62916.7,64099.5,62325.6,63145.5,0.391115002341166
20240921,00:00:00,63145.8,63526.8,62690.6,63318.9,0.233025008242294
20240922,00:00:00,63321.3,63960,62354.4,63550.8,0.314010229353171
20240923,00:00:00,63546.8,64705.9,62576.9,63302.2,0.403202003424667
20240924,00:00:00,63301.2,64647.9,62696.3,64233.6,0.24597999941011
20240925,00:00:00,64235.5,64780.2,62913.2,63119.5,0.224058049461131
20240926,00:00:00,63119.5,65793.7,62636.7,65139.8,0.418271000346522
20240927,00:00:00,65139.3,66435.1,64801.7,65723.9,0.434445000385494
20240928,00:00:00,65723.2,66204.4,65394.3,65825.7,0.215673007628538
20240929,00:00:00,65826.8,66040.8,65393.1,65569,0.262717008391064
20240930,00:00:00,65570.7,65591.3,62828.1,63293.7,0.3694669197339
20241001,00:00:00,63293.7,64088.1,60154,60774.6,0.465091014394147
20241002,00:00:00,60771.1,62327.3,59966.2,60608.3,0.485063013584295
20241003,00:00:00,60604.2,61439.7,59826.5,60718.9,0.477696014100729
20241004,00:00:00,60718.2,62446.6,60428.6,62025.6,0.406781003745436
20241005,00:00:00,62025.6,62336.7,61621.2,62023.7,0.142165001527246
20241006,00:00:00,62024.5,62936.6,61772.9,62786.1,0.216919999840229
20241007,00:00:00,62786.1,64429.7,62095.9,62188.8,0.50009949873737
20241008,00:00:00,62188.8,63161.7,61819.5,62122.1,0.542219998631026
20241009,00:00:00,62122.1,62505,60271.5,60715.3,0.394478005248402
20241010,00:00:00,60457,61271.7,58902.6,60284.5,0.347489610654179
20241011,00:00:00,60284.5,63383.1,60054.6,62453.6,0.230779003863063
20241012,00:00:00,62455.9,63410.8,62401.9,63172.3,0.143934004746598
20241013,00:00:00,63172.2,63252.3,62013.7,62838.9,0.119942000052106
20241014,00:00:00,62838.9,66433.7,62421.2,66051.2,0.341587003382756
20241015,00:00:00,66051.2,67917.2,64769.3,67039.2,0.316172999203218
20241016,00:00:00,67039.2,68380.1,66717.7,67581.5,0.240472949396366
20241017,00:00:00,67581.5,67903.9,66637.2,67388.9,0.25998800253501
20241018,00:00:00,67388.9,68965.4,67153.5,68361,0.277251005953985
20241019,00:00:00,68361,68624.2,67977.9,68336.1,0.0930820018577379
20241020,00:00:00,68336.5,69328.3,68065.6,68999.2,0.0992570003545552
20241021,00:00:00,68999.2,69486.7,66812.3,67338.9,0.241728999390148
20241022,00:00:00,67338.9,67762.1,66537.4,67388.4,0.287128005371642
20241023,00:00:00,67388.4,67413.2,65120.1,66625.7,0.338090009858661
20241024,00:00:00,66635.2,68801.6,66424.3,68164.5,0.324713669165279
20241025,00:00:00,68164.5,68731.1,65436.5,66499.4,0.34466001067176
20241026,00:00:00,66499.4,67300,66268.1,67032.9,0.15148329535804
20241027,00:00:00,67032.9,68196.2,66855,67908.4,0.246519008489031
20241028,00:00:00,67909.1,70184.6,67501.2,69882.9,0.314737002155198
20241029,00:00:00,69889.3,73572.3,69678.8,72685.4,0.361259001975213
20241030,00:00:00,72686,72900.3,71370.8,72298.2,0.321336140887242
20241031,00:00:00,72298.2,72637.1,69569.2,70162.1,0.399246993996258
20241101,00:00:00,70163.7,71558.2,68750.7,69402.1,0.541325989714096
20241102,00:00:00,69402,69826.8,68986.5,69331.7,0.199186997770084
20241103,00:00:00,69331.3,69347.7,67435.9,68734.1,0.485948888961197
20241104,00:00:00,68734.1,69457.7,66793.7,67817.2,0.614238987358476
20241105,00:00:00,67817.2,70517.2,67438.6,69343.4,0.587923989327464
20241106,00:00:00,69343.4,76446.5,69258.8,75603.1,0.933029054159485
20241107,00:00:00,75603.2,76915.4,74423.8,75888.1,0.728516058190687
20241108,00:00:00,75890.2,77219.5,75563.4,76501.6,0.407674000174211
20241109,00:00:00,76501.6,76888.7,75695.5,76650.9,0.29903400583953
20241110,00:00:00,76658.2,81469.1,76479.9,80386.8,0.872524021944628
20241111,00:00:00,80386.8,89570.4,80191.8,88724.4,0.585968998535463
20241112,00:00:00,88705.6,89941.8,85072.3,88000.9,0.816751000115346
20241113,00:00:00,88001.4,93437.7,86279.4,90464.2,0.859254607836403
20241114,00:00:00,90463.7,91770.7,86658.7,87299.7,1.14748614710291
20241115,00:00:00,87299.7,91851.7,87084.2,90993.1,0.947438999278347
20241116,00:00:00,90993.2,91755.6,90065.2,90588.2,0.478059003944963
20241117,00:00:00,90605.2,91423.2,88658.3,89829.2,0.539971000348487
20241118,00:00:00,89831.2,92609.2,89360.2,90484.2,0.973951997541008
20241119,00:00:00,90484.2,94017.7,90380.7,92401.2,0.852045201285833
20241120,00:00:00,92401.7,94929.1,91587.2,94342.2,0.760045191687102
20241121,00:00:00,94345,99037.2,94074.2,98420.2,1.12513199707882
20241122,00:00:00,98420.2,99751,97213.7,98958.9,0.948213782942105
20241123,00:00:00,98959.2,98979,97206.7,97751.7,0.354296004084972
20241124,00:00:00,97750.2,98644.2,95773.2,97999.7,0.588639900081198
20241125,00:00:00,98000.7,98942.7,92567,92971.7,0.842078960594844
20241126,00:00:00,92972.2,94975.7,90697.7,91880.7,0.77112436081843
20241127,00:00:00,91881.5,97334.8,91718.2,95934.7,0.599843990693444
20241128,00:00:00,95935.2,96642.2,94650.7,95639.7,0.425874401837646
20241129,00:00:00,95640.7,98713.7,95380.7,97425.4,0.617239999233334
20241130,00:00:00,97425.4,97444.5,96100.2,96448.7,0.446717001916113
20241201,00:00:00,96447.7,97830.8,95735.7,97240.2,0.605049799935941
20241202,00:00:00,97239.2,98173.7,94386.2,95835.7,0.895435997739241
20241203,00:00:00,95831.7,96280.7,93567.7,95899.2,0.47971300279869
20241204,00:00:00,95900.2,99224.2,94636.7,98737.2,0.411692221107443
20241205,00:00:00,98723.7,103627.2,91983.6,97028.2,0.678137037686749
20241206,00:00:00,97026.2,102067.7,96481.4,99826.2,0.573099916330627
20241207,00:00:00,99826.2,100517.4,98950.2,99908.7,0.289715010247164
20241208,00:00:00,99907.7,101378.5,98727.7,101146.7,0.227616005361142
20241209,00:00:00,101145.7,101232.7,94229.2,97327.2,0.406809048980666
20241210,00:00:00,97327.2,98248.2,94257.8,96620.2,0.53078559866043
20241211,00:00:00,96624.1,101925.7,95702.7,101149.8,0.415271998951539
20241212,00:00:00,101158.6,102529.2,99267.8,99999.7,0.420876568937387
20241213,00:00:00,99999.2,101885.4,99206.2,101363.6,0.353121999859013
20241214,00:00:00,101363.6,102584.9,100535.8,101334.9,0.228134008068537
20241215,00:00:00,101334.9,105045.2,101160.9,104388.8,0.211933046348772
20241216,00:00:00,104393.4,107781.7,103272.4,106059.8,0.438394998893273
20241217,00:00:00,106059.3,108301.3,105313.1,106116.2,0.413387998956296
20241218,00:00:00,106118.2,106463.2,99988.1,100140.1,0.505104998725528
20241219,00:00:00,100143,102731.1,95517.5,97338.9,0.643403318375613
20241220,00:00:00,97338.1,98088.6,92110.5,97699.9,0.623915001365276
20241221,00:00:00,97699.9,99531.4,96304.3,97164.9,0.473558016740981
20241222,00:00:00,97172,97322.8,94117.8,95062.3,0.483260316069285
20241223,00:00:00,95058.2,96413.5,92350.5,94730.6,0.530413248661175
20241224,00:00:00,94735.7,99398.2,93424.7,98529.3,0.443187398230435
20241225,00:00:00,97909.2,99429.7,97494.7,99305.4,0.241785005572638
20241226,00:00:00,99315.2,99832.1,95064.7,95634.3,0.47026114922809
20241227,00:00:00,95634.3,97270,93256,94106.7,0.452464000913551
20241228,00:00:00,94106.6,95469,93942.9,95065.7,0.218561207722715
20241229,00:00:00,95065.2,95104.9,92832.2,93532.1,0.233998377454358
20241230,00:00:00,93531.7,94868.5,91278.7,92581.1,0.474650995019601
20241231,00:00:00,92586,96099.2,91877.4,95565.4,0.300597994668351
20250101,00:00:00,94097.3,94895.8,93408.3,94350.2,0.188558999526776
20250102,00:00:00,94358.2,97709.7,94124.2,96858.3,0.481596997116412
20250103,00:00:00,96859.4,98914.7,95983.7,98074.7,0.363111000658137
20250104,00:00:00,98074.6,98695.9,97459.2,98144.7,0.299553010589079
20250105,00:00:00,98145.3,98783.9,97184.9,98312.1,0.298418009772831
20250106,00:00:00,98312.4,102462.1,97878.2,102227.2,0.47631799879764
20250107,00:00:00,102227.9,102684,96074.1,96908.4,0.441053319314463
20250108,00:00:00,96906.1,97213.3,92435.5,95012.1,0.511548098993593
20250109,00:00:00,95007.9,95305.5,91157.1,92511.6,0.623639988164086
20250110,00:00:00,92511,95797.8,92184.6,94636,0.687581184947021
20250111,00:00:00,94636.3,94918.5,93759.8,94504.8,0.334096999190933
20250112,00:00:00,94504.8,95318.7,93605.2,94472.4,0.346154998622751
20250113,00:00:00,94472.6,95831.9,89161.4,94478.8,0.843940978832052
20250114,00:00:00,94477.5,97312.1,94296.6,96496.7,0.56745798877364
20250115,00:00:00,96498.1,100677.8,96429,100475.5,0.419736999003817
20250116,00:00:00,100476.9,100831.4,97267,99934.7,0.445887998982471
20250117,00:00:00,99940.2,105898.8,99885.4,104041.9,0.43189200121833
20250118,00:00:00,104041.9,104868,102168.3,104369.9,0.394128413940294
20250119,00:00:00,104369.9,106249.3,99501.9,101196.3,0.574771957676989
20250120,00:00:00,101196.3,109285.6,99425.2,102103.1,0.867224579807262
20250121,00:00:00,102103,107243.9,100035.6,106112.9,0.633373999554351
20250122,00:00:00,106113.4,106366.2,103286.6,103626.9,0.428223999064812
20250123,00:00:00,103626.4,106829.1,101193.8,103887.4,0.543061388649245
20250124,00:00:00,103886.5,107131.7,102717.6,104798.4,0.520551000331125
20250125,00:00:00,104802.7,105228.8,104042.2,104668.4,0.148146005141371
20250126,00:00:00,104668.5,105397.3,102441.9,102558.9,0.223055004990783
20250127,00:00:00,102558.9,103202.4,97682.7,102026.1,0.729107698162274
20250128,00:00:00,102027.7,103721.4,100173.7,101252.9,0.431543998911366
20250129,00:00:00,101241,104756.2,101237.9,103708.9,0.403018998983498
20250130,00:00:00,103708.8,106419.4,103264.3,104702.7,0.354802999105573
20250131,00:00:00,104701.1,106036.4,101464.8,102349.2,0.347850000659946
20250201,00:00:00,102349.2,102716.5,100194.7,100563.7,0.247969658533797
20250202,00:00:00,100563.7,101394.7,96126.1,97632.9,0.616507015351544
20250203,00:00:00,97633.5,102529.9,91450.7,101417.4,0.769883398059065
20250204,00:00:00,101417.6,101757.8,96109.7,97711.7,0.745502992755256
20250205,00:00:00,97711.7,99165.2,96106.7,96538.7,1.15962569148892
20250206,00:00:00,96538.7,99099.7,95650.1,96522.4,0.97289817864673
20250207,00:00:00,96526.8,100169.9,95580.2,96471.9,0.495505400815162
20250208,00:00:00,96471.8,96853.9,95629.9,96411.1,0.244453007709126
20250209,00:00:00,96411.1,97277.1,94673.8,96439.8,0.258571006756483
20250210,00:00:00,96439.8,98313,95234.1,97406.9,0.409382998970159
20250211,00:00:00,97406.3,98485.7,94805.4,95730,0.45606459886012
20250212,00:00:00,95729.8,98068.4,94049.4,97831.6,0.478590498796969
20250213,00:00:00,97831.9,98054.4,95169.8,96589.4,0.530688048661506
20250214,00:00:00,96590.2,98839.4,96254.4,97443.9,0.405102000335319
20250215,00:00:00,97442.8,97932.8,97165.7,97531.8,0.208779007384692
20250216,00:00:00,97531.4,97672.8,96025.7,96080.8,0.211856006535982
20250217,00:00:00,96075.5,96940.8,95154.8,95701.8,0.524827011386606
20250218,00:00:00,95702.8,96645.8,93264.8,95539.8,0.907847030736775
20250219,00:00:00,95540.8,96840.1,94937.8,96565.8,0.640186021220416
20250220,00:00:00,96598.9,98690.9,96338.8,98262.8,0.579842019227726
20250221,00:00:00,98261.8,99438.8,94732.8,96091.9,0.760141023601136
20250222,00:00:00,96107.9,96919.4,95708,96517,0.114468004048831
20250223,00:00:00,96520.1,96614.8,95178.8,96188.8,0.201108004395792
20250224,00:00:00,96189.8,96418.8,91255.8,91454.9,0.824611277620902
20250225,00:00:00,91453.8,92438.8,85899.8,88539.9,0.819022160846465
20250226,00:00:00,88540,89268.3,82054.8,84038.8,1.01740862733307
20250227,00:00:00,84043.8,86915.8,82542.8,84544.8,1.30292676853734
20250228,00:00:00,84547.8,85057.9,78151.8,84232.6,1.11196118865509
20250301,00:00:00,84234.8,86469.8,83707.4,85958.8,0.323878011444776
20250302,00:00:00,85946.8,95029.8,84956.8,94199.8,1.0770630349939
20250303,00:00:00,94193.8,94354.8,84995.8,86090.8,1.68642958335726
20250304,00:00:00,86091.8,88907.2,81462.4,87214.8,1.44625500849452
20250305,00:00:00,87215.1,90954.8,86335.2,90581.3,0.621271998364591
20250306,00:00:00,90583.5,92767,87771.3,89887.6,0.620820998336058
20250307,00:00:00,89885.8,91217.5,84640.8,86695.8,0.650573000473742
20250308,00:00:00,86691.8,86798.2,85144.3,86141.5,0.228811008022149
20250309,00:00:00,86141.4,86414.9,79979.7,80678.9,0.452869618292051
20250310,00:00:00,80679.2,83964.9,77383.2,78529.9,0.669351778263321
20250311,00:00:00,78528.7,83566.8,76573.6,82871.5,0.668850998372818
20250312,00:00:00,82871.6,84395.9,80549.8,83636.3,0.62661499846854
20250313,00:00:00,83632,84270.6,79886.5,81053.4,0.624140998473649
20250314,00:00:00,81070.1,85270.4,80721.8,83924.7,0.527260920094989
20250315,00:00:00,83924.7,84625.3,83553.4,84286.3,0.167322005918322
20250316,00:00:00,84300.5,85027.2,81950.2,82539.1,0.244659007851624
20250317,00:00:00,82539.3,84710.4,82403.8,83975.6,0.474766998836003
20250318,00:00:00,83979.5,83986.1,81091.2,82664.3,0.473309998826153
20250319,00:00:00,82664.2,86986.6,82510.4,86843.7,0.466564998822378
20250320,00:00:00,86844.2,87442.4,83578.4,84149.9,0.532680648655504
20250321,00:00:00,84149.1,84780.2,83086.1,83996.8,0.402194999756375
20250322,00:00:00,83992.8,84452.6,83597.8,83789.2,0.109911003801244
20250323,00:00:00,83786.9,86070.9,83740.3,86044.3,0.193870006148245
20250324,00:00:00,86046.6,88753.9,85500.3,87477.9,0.413834998955736
20250325,00:00:00,87477.4,88519,86271.8,87399.8,0.387156999022864
20250326,00:00:00,87396.3,88259.5,85819.1,86875.8,0.378569999044885
20250327,00:00:00,86877,87727.1,85781.3,87177.6,0.370564999064754
20250328,00:00:00,87174.5,87454.4,83503.7,84316.7,0.436919999707698
20250329,00:00:00,84320.9,84519,81557.7,82551.7,0.192708006032717
20250330,00:00:00,82559.3,83443.8,81538.2,82338.9,0.15975300406194
20250331,00:00:00,82352.4,83899.9,81260.5,82518,0.237001499401877
20250401,00:00:00,82516.9,85496.4,82388.9,85152.6,0.205275999478772
